{
  "stations": [
    {
      "station_id": 54,
      "pos": [
        59,
        112
      ],
      "original_pos": [
        56,
        112
      ],
      "heatmap": {
        "(60, 112)": 41.5,
        "(60, 114)": 43.5,
        "(61, 110)": 42.5,
        "(61, 112)": 40.0,
        "(61, 113)": 42.5,
        "(58, 112)": 40.5,
        "(61, 114)": 44.5,
        "(57, 112)": 40.5,
        "(60, 113)": 41.0,
        "(58, 111)": 41.5,
        "(58, 113)": 41.5,
        "(58, 110)": 42.5,
        "(59, 112)": 40.5,
        "(57, 111)": 41.5,
        "(61, 111)": 42.5,
        "(58, 114)": 43.5,
        "(57, 110)": 42.5,
        "(59, 111)": 41.5,
        "(60, 110)": 42.5,
        "(57, 113)": 41.5,
        "(59, 110)": 42.5,
        "(59, 114)": 42.0,
        "(59, 113)": 42.5,
        "(57, 114)": 42.5,
        "(60, 111)": 41.5
      },
      "neighbors": [
        {
          "station_id": 50,
          "distance": 92.50252531694167,
          "angle": 47.0
        }
      ]
    },
    {
      "station_id": 29,
      "pos": [
        2,
        83
      ],
      "original_pos": [
        2,
        86
      ],
      "heatmap": {
        "(4, 82)": 44.5,
        "(1, 84)": 43.5,
        "(2, 81)": 42.5,
        "(1, 82)": 43.5,
        "(0, 84)": 44.5,
        "(4, 83)": 44.5,
        "(4, 85)": 44.5,
        "(1, 81)": 43.5,
        "(3, 81)": 43.5,
        "(3, 82)": 43.5,
        "(0, 85)": 44.5,
        "(1, 83)": 43.5,
        "(4, 84)": 44.5,
        "(0, 81)": 44.5,
        "(1, 85)": 43.5,
        "(2, 83)": 42.5,
        "(2, 84)": 42.5,
        "(0, 83)": 44.5,
        "(3, 84)": 43.5,
        "(3, 85)": 43.5,
        "(0, 82)": 44.5,
        "(3, 83)": 43.5,
        "(2, 82)": 42.5,
        "(4, 81)": 44.5,
        "(2, 85)": 42.5
      },
      "neighbors": [
        {
          "station_id": 35,
          "distance": 89.74516600406096,
          "angle": 39.0
        }
      ]
    },
    {
      "station_id": 13,
      "pos": [
        121,
        40
      ],
      "original_pos": [
        120,
        40
      ],
      "heatmap": {
        "(122, 38)": 57.0,
        "(123, 39)": 57.0,
        "(119, 39)": 51.0,
        "(121, 40)": 50.0,
        "(121, 38)": 55.0,
        "(119, 40)": 50.0,
        "(119, 38)": 52.0,
        "(120, 42)": 51.0,
        "(120, 39)": 50.0,
        "(121, 41)": 51.0,
        "(122, 39)": 55.0,
        "(119, 41)": 51.0,
        "(120, 40)": 49.5,
        "(121, 42)": 52.0,
        "(123, 38)": 59.0,
        "(122, 41)": 52.0,
        "(122, 42)": 53.0,
        "(120, 41)": 50.0,
        "(123, 40)": 55.0,
        "(123, 42)": 54.0,
        "(119, 42)": 52.0
      },
      "neighbors": [
        {
          "station_id": 14,
          "distance": 13.928932188134524,
          "angle": 130.0
        },
        {
          "station_id": 7,
          "distance": 68.95836943965739,
          "angle": 68.0
        }
      ]
    },
    {
      "station_id": 64,
      "pos": [
        128,
        91
      ],
      "original_pos": [
        131,
        91
      ],
      "heatmap": {
        "(129, 92)": 36.5,
        "(130, 90)": 36.5,
        "(127, 92)": 36.5,
        "(127, 91)": 35.5,
        "(129, 93)": 37.5,
        "(130, 89)": 37.5,
        "(130, 91)": 35.5,
        "(129, 91)": 35.5,
        "(127, 89)": 37.5,
        "(128, 93)": 37.5,
        "(130, 92)": 36.5,
        "(127, 93)": 37.5,
        "(130, 93)": 37.5,
        "(126, 91)": 35.5,
        "(128, 90)": 36.5,
        "(126, 89)": 37.5,
        "(126, 93)": 37.5,
        "(126, 90)": 36.5,
        "(129, 90)": 36.5,
        "(128, 89)": 37.5,
        "(126, 92)": 36.5,
        "(129, 89)": 37.5,
        "(128, 91)": 35.5,
        "(127, 90)": 36.5,
        "(128, 92)": 36.5
      },
      "neighbors": [
        {
          "station_id": 50,
          "distance": 54.201010126776666,
          "angle": 66.0
        }
      ]
    },
    {
      "station_id": 50,
      "pos": [
        96,
        77
      ],
      "original_pos": [
        96,
        80
      ],
      "heatmap": {
        "(97, 75)": 170.75,
        "(96, 78)": 168.25,
        "(95, 75)": 171.75,
        "(97, 76)": 170.25,
        "(98, 75)": 172.25,
        "(94, 75)": 173.75,
        "(94, 77)": 169.0,
        "(98, 78)": 172.25,
        "(96, 75)": 169.0,
        "(98, 79)": 172.25,
        "(94, 79)": 168.25,
        "(97, 79)": 170.25,
        "(95, 77)": 168.75,
        "(97, 77)": 170.25,
        "(95, 78)": 168.25,
        "(95, 79)": 168.25,
        "(94, 78)": 168.75,
        "(96, 77)": 168.25,
        "(97, 78)": 170.25,
        "(98, 76)": 172.25,
        "(95, 76)": 169.0,
        "(96, 76)": 168.75,
        "(98, 77)": 172.25,
        "(96, 79)": 168.25,
        "(94, 76)": 171.75
      },
      "neighbors": [
        {
          "station_id": 14,
          "distance": 81.15937956643405,
          "angle": 44.0
        },
        {
          "station_id": 35,
          "distance": 114.33095244168786,
          "angle": 62.0
        },
        {
          "station_id": 64,
          "distance": 54.201010126776666,
          "angle": 114.0
        },
        {
          "station_id": 54,
          "distance": 92.50252531694167,
          "angle": 227.0
        }
      ]
    },
    {
      "station_id": 7,
      "pos": [
        79,
        23
      ],
      "original_pos": [
        76,
        23
      ],
      "heatmap": {
        "(77, 22)": 201.0,
        "(78, 22)": 202.0,
        "(80, 24)": 204.0,
        "(77, 24)": 201.0,
        "(81, 21)": 206.0,
        "(81, 22)": 205.0,
        "(78, 23)": 201.0,
        "(81, 24)": 205.0,
        "(80, 21)": 205.0,
        "(80, 23)": 203.0,
        "(77, 21)": 202.0,
        "(79, 22)": 203.0,
        "(81, 25)": 206.0,
        "(79, 25)": 204.0,
        "(77, 25)": 202.0,
        "(78, 24)": 202.0,
        "(79, 23)": 202.0,
        "(77, 23)": 200.0,
        "(80, 22)": 204.0,
        "(78, 25)": 203.0,
        "(79, 21)": 204.0,
        "(78, 21)": 203.0,
        "(79, 24)": 203.0,
        "(80, 25)": 205.0,
        "(81, 23)": 204.0
      },
      "neighbors": [
        {
          "station_id": 14,
          "distance": 82.88730162779191,
          "angle": 115.0
        },
        {
          "station_id": 35,
          "distance": 78.301515190165,
          "angle": 245.0
        },
        {
          "station_id": 13,
          "distance": 68.95836943965739,
          "angle": 112.0
        },
        {
          "station_id": 0,
          "distance": 89.12994231491119,
          "angle": 72.0
        }
      ]
    },
    {
      "station_id": 35,
      "pos": [
        34,
        44
      ],
      "original_pos": [
        31,
        44
      ],
      "heatmap": {
        "(32, 43)": 154.75,
        "(32, 44)": 152.75,
        "(32, 45)": 152.75,
        "(34, 44)": 150.75,
        "(36, 46)": 148.75,
        "(33, 45)": 151.75,
        "(33, 44)": 151.75,
        "(32, 46)": 152.75,
        "(34, 43)": 152.75,
        "(34, 45)": 150.75,
        "(32, 42)": 156.75,
        "(35, 45)": 149.75,
        "(35, 46)": 149.75,
        "(35, 44)": 149.75,
        "(36, 42)": 152.75,
        "(35, 43)": 151.75,
        "(36, 44)": 148.75,
        "(33, 46)": 151.75,
        "(35, 42)": 153.75,
        "(34, 42)": 154.75,
        "(33, 42)": 155.75,
        "(34, 46)": 150.75,
        "(33, 43)": 153.75,
        "(36, 43)": 150.75,
        "(36, 45)": 148.75
      },
      "neighbors": [
        {
          "station_id": 7,
          "distance": 78.301515190165,
          "angle": 65.0
        },
        {
          "station_id": 29,
          "distance": 89.74516600406096,
          "angle": 219.0
        },
        {
          "station_id": 50,
          "distance": 114.33095244168786,
          "angle": 118.0
        }
      ]
    },
    {
      "station_id": 0,
      "pos": [
        20,
        4
      ],
      "original_pos": [
        17,
        4
      ],